TIMESTAMP,ABSOLUTE_ALTITUDE,ACCURACY,RESOLUTION
1738694268.130638,122.33304596,14.84811878,0.50000000
1738694268.329412,122.45450846,14.84823767,0.50000000
1738694268.582951,122.58389791,14.84835656,0.50000000
1738694268.912266,122.60319265,14.84847546,0.50000000
1738694269.253517,122.60671743,14.84847546,0.50000000
1738694269.585212,122.77935028,14.84847546,0.50000000
1738694269.924119,123.07000478,14.84847546,0.50000000
1738694270.080173,123.07000478,14.84847546,0.50000000
1738694270.254421,123.35801697,14.84847546,0.50000000
1738694270.595534,123.46031189,14.84859403,0.50000000
1738694270.926496,123.42168427,14.84871260,0.50000000
1738694271.267916,123.38481903,14.84883118,0.50000000
1738694271.595762,123.35839589,14.84883118,0.50000000
1738694271.935903,123.35311127,14.84883118,0.50000000
1738694272.268191,123.35487366,14.84883118,0.50000000
1738694272.608635,123.35487366,14.84883118,0.50000000
1738694272.936976,123.37072754,14.84883118,0.50000000
1738694273.276509,123.37973277,14.84894975,0.50000000
1738694273.608231,123.39226278,14.84906832,0.50000000
1738694273.950056,123.39950816,14.84918690,0.50000000
1738694274.278585,123.41007741,14.84918690,0.50000000
1738694274.619252,123.39598592,14.84918690,0.50000000
1738694274.951310,123.37660980,14.84918690,0.50000000
1738694275.279524,123.37308757,14.84918690,0.50000000
1738694275.634466,123.39014181,14.84930547,0.50000000
1738694275.951925,123.39838918,14.84942404,0.50000000
1738694276.290666,123.39430491,14.84954262,0.50000000
1738694276.621433,123.41720581,14.84954262,0.50000000
1738694276.961295,123.46300507,14.84954262,0.50000000
1738694277.291704,123.49295298,14.84954262,0.50000000
1738694277.633570,123.50000000,14.84954262,0.50000000
1738694277.962101,123.49471537,14.84954262,0.50000000
1738694278.303007,123.51897939,14.84966119,0.50000000
1738694278.634455,123.53619639,14.84977976,0.50000000
1738694278.973388,123.53932190,14.84989834,0.50000000
1738694279.303657,123.53315481,14.84989834,0.50000000
1738694279.644276,123.54724630,14.84989834,0.50000000
1738694279.974477,123.57719421,14.84989834,0.50000000
1738694280.316277,123.57279205,14.84989834,0.50000000
1738694280.699515,123.54196676,14.84989834,0.50000000
1738694280.985370,123.50186666,14.85001691,0.50000000
1738694281.317217,123.49523417,14.85013549,0.50000000
1738694281.666849,123.48331706,14.85025406,0.50000000
1738694281.986086,123.46041616,14.85025406,0.50000000
1738694282.326161,123.44191996,14.85025406,0.50000000
1738694282.665751,123.45601400,14.85025406,0.50000000
1738694282.998960,123.48595937,14.85025406,0.50000000
1738694283.327449,123.48506927,14.85037263,0.50000000
1738694283.666712,123.46744283,14.85049121,0.50000000
1738694283.999803,123.44805654,14.85060978,0.50000000
1738694284.328411,123.45950826,14.85060978,0.50000000
1738694284.668115,123.46391296,14.85060978,0.50000000
1738694285.000329,123.44982147,14.85060978,0.50000000
1738694285.339812,123.43044281,14.85060978,0.50000000
1738694285.669351,123.41811117,14.85060978,0.50000000
1738694286.010090,123.43992360,14.85072835,0.50000000
1738694286.340361,123.44059753,14.85084693,0.50000000
1738694286.682116,123.44743601,14.85096550,0.50000000
1738694287.010549,123.42365519,14.85096550,0.50000000
1738694287.351046,123.42717743,14.85096550,0.50000000
1738694287.682974,123.41837056,14.85096550,0.50000000
1738694288.021932,123.42013041,14.85096550,0.50000000
1738694288.383780,123.41044235,14.85096550,0.50000000
1738694288.692143,123.38290151,14.85108407,0.50000000
1738694289.022823,123.36769104,14.85120265,0.50000000
1738694289.364544,123.30403646,14.85132122,0.50000000
1738694289.692849,122.97198486,14.85132122,0.50000000
1738694290.033587,122.67428589,14.85132122,0.50000000
1738694290.365279,122.38275146,14.85132122,0.50000000
1738694290.704323,122.34751892,14.85132122,0.50000000
1738694291.033899,122.26099904,14.85143979,0.50000000
1738694291.450433,122.19385783,14.85155837,0.50000000
1738694291.450572,122.19385783,14.85155837,0.50000000
1738694291.708225,122.03511810,14.85167694,0.50000000
1738694292.035001,121.77881114,14.85167694,0.50000000
1738694292.376975,121.48551178,14.85167694,0.50000000
1738694292.705857,121.28557587,14.85167694,0.50000000
1738694293.047437,121.20278422,14.85167694,0.50000000
1738694293.376348,121.20454661,14.85167694,0.50000000
1738694293.716286,121.22766876,14.85179551,0.50000000
1738694294.048629,121.25783793,14.85191409,0.50000000
1738694294.387243,121.41571808,14.85203266,0.50000000
1738694294.717626,121.84817759,14.85203266,0.50000000
1738694295.057874,122.16261292,14.85203266,0.50000000
1738694295.387896,122.10007731,14.85203266,0.50000000
1738694295.730001,121.69051615,14.85203266,0.50000000
1738694296.070294,121.57535553,14.85203266,0.50000000
1738694296.398646,121.26003265,14.85215123,0.50000000
1738694296.731152,121.22325389,14.85226981,0.50000000
1738694297.070442,121.22346751,14.85238838,0.50000000
1738694297.399328,121.23051198,14.85238838,0.50000000
1738694297.740133,121.36086528,14.85238838,0.50000000
1738694298.070241,121.74576314,14.85238838,0.50000000
1738694298.412690,122.12890116,14.85238838,0.50000000
1738694298.740463,122.14852651,14.85250696,0.50000000
1738694299.080925,121.78765615,14.85262553,0.50000000
1738694299.413420,121.41093191,14.85274410,0.50000000
1738694299.741419,121.28498332,14.85274410,0.50000000
1738694300.081920,121.26912944,14.85274410,0.50000000
1738694300.413547,121.27969869,14.85274410,0.50000000
1738694300.752553,121.28322093,14.85274410,0.50000000
1738694301.083214,121.39067586,14.85274410,0.50000000
1738694301.422690,121.69570160,14.85286268,0.50000000
1738694301.753595,122.12403361,14.85298125,0.50000000
1738694302.095549,122.20534261,14.85309982,0.50000000
1738694302.423740,121.92085266,14.85309982,0.50000000
1738694302.763718,121.49367778,14.85309982,0.50000000
1738694303.096519,121.31135813,14.85309982,0.50000000
1738694303.433969,121.26731873,14.85309982,0.50000000
1738694303.770394,121.23561096,14.85309982,0.50000000
1738694304.105166,121.20395152,14.85321840,0.50000000
1738694304.435425,121.21809387,14.85333697,0.50000000
1738694304.778017,121.36611430,14.85345554,0.50000000
1738694305.105493,121.78800456,14.85345554,0.50000000
1738694305.445896,122.04783376,14.85345554,0.50000000
1738694305.778077,121.97384898,14.85345554,0.50000000
1738694306.116532,121.56781260,14.85345554,0.50000000
1738694306.446659,121.27299754,14.85357412,0.50000000
1738694306.786981,121.18340302,14.85369269,0.50000000
1738694307.117788,121.17484029,14.85381126,0.50000000
1738694307.448027,121.18188477,14.85381126,0.50000000
1738694307.787762,121.20654551,14.85381126,0.50000000
1738694308.118932,121.25939178,14.85381126,0.50000000
1738694308.460556,121.46197001,14.85381126,0.50000000
1738694308.788591,121.86448415,14.85381126,0.50000000
1738694309.129049,122.04729462,14.85392984,0.50000000
1738694309.460898,121.87339274,14.85404841,0.50000000
1738694309.799911,121.47136943,14.85416698,0.50000000
1738694310.129872,121.23972575,14.85416698,0.50000000
1738694310.469740,121.23972575,14.85416698,0.50000000
1738694310.800577,121.26614889,14.85416698,0.50000000
1738694311.141922,121.30314128,14.85416698,0.50000000
1738694311.470383,121.32956441,14.85416698,0.50000000
1738694311.811070,121.43931834,14.85428556,0.50000000
1738694312.143010,121.72082265,14.85440413,0.50000000
1738694312.481851,122.14589183,14.85452271,0.50000000
1738694312.811994,122.28064982,14.85452271,0.50000000
1738694313.151749,122.04900614,14.85452271,0.50000000
1738694313.483304,121.61038208,14.85452271,0.50000000
1738694313.824274,121.36816915,14.85452271,0.50000000
1738694314.152874,121.31585693,14.85464128,0.50000000
1738694314.494334,121.30582174,14.85475985,0.50000000
1738694314.825072,121.30459340,14.85487843,0.50000000
1738694315.153341,121.30811564,14.85487843,0.50000000
1738694315.493570,121.37857564,14.85487843,0.50000000
1738694315.825733,121.56442006,14.85487843,0.50000000
1738694316.164573,122.00480652,14.85487843,0.50000000
1738694316.494336,122.29282125,14.85487843,0.50000000
1738694316.835273,122.30036163,14.85499700,0.50000000
1738694317.165844,121.89570109,14.85511557,0.50000000
1738694317.507163,121.53948212,14.85523415,0.50000000
1738694317.835654,121.33602397,14.85523415,0.50000000
1738694318.175985,121.28669993,14.85523415,0.50000000
1738694318.507791,121.29198456,14.85523415,0.50000000
1738694318.847226,121.31136068,14.85523415,0.50000000
1738694319.177484,121.34529622,14.85535272,0.50000000
1738694319.517187,121.44792938,14.85547129,0.50000000
1738694319.847406,121.69589233,14.85558987,0.50000000
1738694320.189010,122.18912506,14.85558987,0.50000000
1738694320.518097,122.44366964,14.85558987,0.50000000
1738694320.857922,122.33709462,14.85558987,0.50000000
1738694321.189580,121.88878123,14.85558987,0.50000000
1738694321.528765,121.58843740,14.85558987,0.50000000
1738694321.858725,121.49701691,14.85570844,0.50000000
1738694322.191171,121.48750814,14.85582701,0.50000000
1738694322.529496,121.50618490,14.85594559,0.50000000
1738694322.859609,121.51499176,14.85594559,0.50000000
1738694323.201254,121.57224019,14.85594559,0.50000000
1738694323.530263,121.73782603,14.85594559,0.50000000
1738694323.873884,122.19054413,14.85594559,0.50000000
1738694324.251928,122.49617259,14.85594559,0.50000000
1738694324.540831,122.51904043,14.85606416,0.50000000
1738694324.873014,122.12970734,14.85618273,0.50000000
1738694325.211369,121.82140605,14.85630131,0.50000000
1738694325.541743,121.65317790,14.85630131,0.50000000
1738694325.882307,121.60561625,14.85630131,0.50000000
1738694326.212096,121.57038625,14.85630131,0.50000000
1738694326.554533,121.54748535,14.85630131,0.50000000
1738694326.882506,121.54031118,14.85641988,0.50000000
1738694327.223165,121.59479014,14.85653845,0.50000000
1738694327.554889,121.79107666,14.85665703,0.50000000
1738694327.893847,122.25083923,14.85665703,0.50000000
1738694328.223102,122.55030314,14.85665703,0.50000000
1738694328.564234,122.71236420,14.85665703,0.50000000
1738694328.894357,122.58817546,14.85665703,0.50000000
1738694329.236583,122.58377075,14.85665703,0.50000000
1738694329.564420,122.54816437,14.85677560,0.50000000
1738694329.895175,122.52488963,14.85689418,0.50000000
1738694330.237270,122.48576101,14.85701275,0.50000000
1738694330.565159,122.50337728,14.85701275,0.50000000
1738694330.905515,122.51306661,14.85701275,0.50000000
1738694331.238497,122.55622355,14.85701275,0.50000000
1738694331.576467,122.63637288,14.85701275,0.50000000
1738694331.692988,122.63637288,14.85701275,0.50000000
1738694331.941987,122.67688942,14.85701275,0.50000000
1738694332.246890,122.80632528,14.85713132,0.50000000
1738694332.577330,122.72878011,14.85724990,0.50000000
1738694332.919563,122.57724762,14.85736847,0.50000000
1738694333.248855,122.45129649,14.85736847,0.50000000
1738694333.587678,122.44424947,14.85736847,0.50000000
1738694333.919435,122.52175903,14.85736847,0.50000000
1738694334.258793,122.56756083,14.85736847,0.50000000
1738694334.588605,122.51107025,14.85748704,0.50000000
1738694334.928611,122.37354787,14.85760562,0.50000000
1738694335.259819,122.13561757,14.85772419,0.50000000
1738694335.601394,121.89428711,14.85772419,0.50000000
1738694335.929692,121.75071971,14.85772419,0.50000000
1738694336.269709,121.81941986,14.85772419,0.50000000
1738694336.602007,122.14001973,14.85772419,0.50000000
1738694336.940662,122.46678670,14.85772419,0.50000000
1738694337.270746,122.67908223,14.85784276,0.50000000
1738694337.610637,122.73372142,14.85796134,0.50000000
1738694337.941095,122.75665283,14.85807991,0.50000000
1738694338.270207,122.77162679,14.85807991,0.50000000
1738694338.611556,122.74520365,14.85807991,0.50000000
1738694338.942120,122.61044820,14.85807991,0.50000000
1738694339.283968,122.47040812,14.85807991,0.50000000
1738694339.621951,122.52259445,14.85807991,0.50000000
1738694339.952730,122.75290934,14.85819848,0.50000000
1738694340.284882,123.03981018,14.85831706,0.50000000
1738694340.623397,123.07392883,14.85843563,0.50000000
1738694340.953295,122.78591410,14.85843563,0.50000000
1738694341.293638,122.48381042,14.85843563,0.50000000
1738694341.624144,122.44417318,14.85843563,0.50000000
1738694341.965607,122.69343058,14.85843563,0.50000000
1738694342.294025,122.99061076,14.85855420,0.50000000
1738694342.634433,123.08433787,14.85867278,0.50000000
1738694342.966475,122.88476562,14.85879135,0.50000000
1738694343.304568,122.55799866,14.85879135,0.50000000
1738694343.635296,122.34749349,14.85879135,0.50000000
1738694343.975423,122.43556976,14.85879135,0.50000000
1738694344.306256,122.73239136,14.85879135,0.50000000
1738694344.647590,122.98341115,14.85879135,0.50000000
1738694344.976120,122.98087565,14.85890992,0.50000000
1738694345.316760,122.73348490,14.85902850,0.50000000
1738694345.648404,122.41563416,14.85914707,0.50000000
1738694345.987488,122.25621541,14.85914707,0.50000000
1738694346.317415,122.41211192,14.85914707,0.50000000
1738694346.649114,122.73359426,14.85914707,0.50000000
1738694346.988134,122.97580719,14.85914707,0.50000000
1738694347.320429,122.90974935,14.85914707,0.50000000
1738694347.659851,122.60899099,14.85926565,0.50000000
1738694347.988794,122.30823263,14.85938422,0.50000000
1738694348.329550,122.24968719,14.85950279,0.50000000
1738694348.659676,122.49542236,14.85950279,0.50000000
1738694348.999564,122.78519694,14.85950279,0.50000000
1738694349.331448,122.88296254,14.85950279,0.50000000
1738694349.670083,122.67421977,14.85950279,0.50000000
1738694350.001150,122.35215505,14.85962137,0.50000000
1738694350.340638,122.18510691,14.85973994,0.50000000
1738694350.670759,122.35275014,14.85985851,0.50000000
1738694351.012344,122.66894786,14.85985851,0.50000000
1738694351.340998,122.89002228,14.85985851,0.50000000
1738694351.681175,122.84422302,14.85985851,0.50000000
1738694352.013327,122.59144084,14.85985851,0.50000000
1738694352.352798,122.28933462,14.85985851,0.50000000
1738694352.682484,122.16461182,14.85997709,0.50000000
1738694353.022638,122.37105815,14.86009566,0.50000000
1738694353.352576,122.72019196,14.86021423,0.50000000
1738694353.694584,122.93421936,14.86021423,0.50000000
1738694354.023194,122.82236226,14.86021423,0.50000000
1738694354.363500,122.50264231,14.86021423,0.50000000
1738694354.695506,122.20406087,14.86021423,0.50000000
1738694355.023547,122.18292236,14.86021423,0.50000000
1738694355.364004,122.45659383,14.86033281,0.50000000
1738694355.696224,122.77782949,14.86045138,0.50000000
1738694356.034741,122.89296468,14.86056995,0.50000000
1738694356.364855,122.70536041,14.86056995,0.50000000
1738694356.705024,122.38211568,14.86056995,0.50000000
1738694357.035505,122.17689514,14.86056995,0.50000000
1738694357.377326,122.27906545,14.86056995,0.50000000
1738694357.705792,122.60236104,14.86068853,0.50000000
1738694358.046060,122.87281036,14.86080710,0.50000000
1738694358.378855,122.89223735,14.86092567,0.50000000
1738694358.716958,122.66235606,14.86092567,0.50000000
1738694359.047015,122.35496521,14.86092567,0.50000000
1738694359.386973,122.19466654,14.86092567,0.50000000
1738694359.718053,122.34263611,14.86092567,0.50000000
1738694360.121832,122.64650218,14.86092567,0.50000000
1738694360.388015,122.81663513,14.86104457,0.50000000
1738694360.728121,122.65647888,14.86116346,0.50000000
1738694361.060626,122.31928762,14.86128235,0.50000000
1738694361.399419,121.96521759,14.86128235,0.50000000
1738694361.728746,121.74766541,14.86128235,0.50000000
1738694362.069021,121.74414317,14.86128235,0.50000000
1738694362.399713,121.93526967,14.86128235,0.50000000
1738694362.688547,121.93526967,14.86128235,0.50000000
1738694362.729101,122.19884237,14.86140092,0.50000000
1738694363.070236,122.36817169,14.86151950,0.50000000
1738694363.401186,122.45294698,14.86163807,0.50000000
1738694363.742985,122.50050863,14.86163807,0.50000000
1738694364.071434,122.52340953,14.86163807,0.50000000
1738694364.411038,122.47408803,14.86163807,0.50000000
1738694364.743332,122.44590505,14.86163807,0.50000000
1738694365.082333,122.52957662,14.86163807,0.50000000
1738694365.411582,122.71581523,14.86175632,0.50000000
1738694365.752046,122.86506144,14.86187458,0.50000000
1738694366.082576,122.87955221,14.86199284,0.50000000
1738694366.424292,122.84784444,14.86199284,0.50000000
1738694366.753991,122.90950012,14.86199284,0.50000000
1738694367.093321,123.22569784,14.86199284,0.50000000
1738694367.213604,123.22569784,14.86199284,0.50000000
1738694367.425629,123.52427928,14.86199284,0.50000000
1738694367.808255,123.71892802,14.86199284,0.50000000
1738694368.095302,123.66731262,14.86211141,0.50000000
1738694368.433219,123.61834208,14.86222998,0.50000000
1738694368.764522,123.56496684,14.86234856,0.50000000
1738694369.106235,123.51916758,14.86234856,0.50000000
1738694369.434483,123.47865041,14.86234856,0.50000000
1738694369.775082,123.46984355,14.86234856,0.50000000
1738694370.106850,123.46984355,14.86234856,0.50000000
1738694370.445485,123.46541087,14.86246713,0.50000000
1738694370.775893,123.45657094,14.86258570,0.50000000
1738694371.107939,123.43892415,14.86270428,0.50000000
1738694371.446789,123.42307027,14.86270428,0.50000000
1738694371.776768,123.41426341,14.86270428,0.50000000
1738694372.116948,123.40897878,14.86270428,0.50000000
1738694372.447090,123.38960012,14.86270428,0.50000000
1738694372.789022,123.37374624,14.86270428,0.50000000
1738694373.117455,123.38642120,14.86282285,0.50000000
1738694373.458074,123.42463938,14.86294142,0.50000000
1738694373.789712,123.42674510,14.86306000,0.50000000
1738694374.128505,123.41970062,14.86306000,0.50000000
1738694374.458567,123.41970062,14.86306000,0.50000000
1738694374.799012,123.44788615,14.86306000,0.50000000
1738694375.129838,123.45317078,14.86306000,0.50000000
1738694375.491100,123.43929863,14.86306000,0.50000000
1738694375.800013,123.41257731,14.86317857,0.50000000
1738694376.140420,123.42218526,14.86329714,0.50000000
1738694376.471474,123.43179576,14.86341572,0.50000000
1738694376.810438,123.41946411,14.86341572,0.50000000
1738694377.140464,123.38599650,14.86341572,0.50000000
1738694377.480723,123.38423411,14.86341572,0.50000000
1738694377.811419,123.41418203,14.86341572,0.50000000
1738694378.153536,123.43019104,14.86353429,0.50000000
1738694378.481638,123.41097005,14.86365287,0.50000000
1738694378.812667,123.37589518,14.86377144,0.50000000
1738694379.154134,123.35827891,14.86377144,0.50000000
1738694379.482936,123.34594727,14.86377144,0.50000000
1738694379.822875,123.31952413,14.86377144,0.50000000
1738694380.154779,123.29310099,14.86377144,0.50000000
1738694380.494064,123.29134115,14.86377144,0.50000000
1738694380.823299,123.32478078,14.86389001,0.50000000
1738694381.163345,123.33532206,14.86400859,0.50000000
1738694381.493993,123.33529154,14.86412716,0.50000000
1738694381.835679,123.31767527,14.86412716,0.50000000
1738694382.164178,123.33352915,14.86412716,0.50000000
1738694382.504581,123.34938304,14.86412716,0.50000000
1738694382.836347,123.35378774,14.86412716,0.50000000
1738694383.175477,123.35951233,14.86412716,0.50000000
1738694383.504561,123.35817464,14.86424573,0.50000000
1738694383.845653,123.37841543,14.86436431,0.50000000
1738694384.176293,123.36871084,14.86448288,0.50000000
1738694384.517681,123.35461680,14.86448288,0.50000000
1738694384.846935,123.30881500,14.86448288,0.50000000
1738694385.186786,123.30353038,14.86448288,0.50000000
1738694385.518891,123.31409963,14.86448288,0.50000000
1738694385.857324,123.32650248,14.86460145,0.50000000
1738694386.187619,123.30719757,14.86472003,0.50000000
1738694386.527685,123.28437042,14.86483860,0.50000000
1738694386.857940,123.27732595,14.86483860,0.50000000
1738694387.188372,123.27380117,14.86483860,0.50000000
1738694387.528526,123.04127757,14.86483860,0.50000000
1738694387.859002,122.75854747,14.86483860,0.50000000
1738694388.200939,122.47229767,14.86483860,0.50000000
1738694388.529755,122.40287781,14.86495717,0.50000000
1738694388.869492,122.36957041,14.86507575,0.50000000
1738694389.202118,122.31688436,14.86519432,0.50000000
1738694389.540525,122.26227570,14.86519432,0.50000000
1738694389.870720,122.14953613,14.86519432,0.50000000
1738694390.210509,121.94079336,14.86519432,0.50000000
1738694390.540847,121.58584086,14.86519432,0.50000000
1738694390.883222,121.28549703,14.86519432,0.50000000
1738694391.210901,121.10803731,14.86531289,0.50000000
1738694391.551301,121.08207194,14.86543147,0.50000000
1738694391.883599,121.08076731,14.86555004,0.50000000
1738694392.222156,121.08781179,14.86555004,0.50000000
1738694392.551912,121.11247253,14.86555004,0.50000000
1738694392.892344,121.24282583,14.86555004,0.50000000
1738694393.222906,121.62420146,14.86555004,0.50000000
1738694393.564724,122.09972636,14.86566861,0.50000000
1738694393.893183,122.25729370,14.86578719,0.50000000
1738694394.233170,121.98856608,14.86590576,0.50000000
1738694394.565967,121.57988739,14.86590576,0.50000000
1738694394.893922,121.36761983,14.86590576,0.50000000
1738694395.233930,121.31477356,14.86590576,0.50000000
1738694395.565936,121.29363505,14.86590576,0.50000000
1738694395.904844,121.28306580,14.86590576,0.50000000
1738694396.234936,121.28901672,14.86602434,0.50000000
1738694396.575027,121.38921102,14.86614291,0.50000000
1738694396.905953,121.67612966,14.86626148,0.50000000
1738694397.247410,122.16760000,14.86626148,0.50000000
1738694397.575952,122.33847046,14.86626148,0.50000000
1738694397.916012,122.11034902,14.86626148,0.50000000
1738694398.248051,121.65234629,14.86626148,0.50000000
1738694398.586595,121.40484873,14.86626148,0.50000000
1738694398.917010,121.36520894,14.86638006,0.50000000
1738694399.257275,121.33790080,14.86649863,0.50000000
1738694399.587659,121.32292175,14.86661720,0.50000000
1738694399.929397,121.32292175,14.86661720,0.50000000
1738694400.257691,121.44975281,14.86661720,0.50000000
1738694400.598713,121.85050456,14.86661720,0.50000000
1738694400.930228,122.26535034,14.86661720,0.50000000
1738694401.269147,122.27302806,14.86673578,0.50000000
1738694401.599576,121.88435618,14.86685435,0.50000000
1738694401.930631,121.47806803,14.86697292,0.50000000
1738694402.269550,121.35740153,14.86697292,0.50000000
1738694402.599807,121.35740153,14.86697292,0.50000000
1738694402.940007,121.34683228,14.86697292,0.50000000
1738694403.270806,121.33274078,14.86697292,0.50000000
1738694403.671571,121.41817729,14.86697292,0.50000000
1738694403.940654,121.69569651,14.86709150,0.50000000
1738694404.281460,122.16610463,14.86721007,0.50000000
1738694404.613951,122.35994975,14.86732864,0.50000000
1738694404.952342,122.17675018,14.86732864,0.50000000
1738694405.281961,121.74517059,14.86732864,0.50000000
1738694405.621764,121.48534139,14.86732864,0.50000000
1738694405.952839,121.39814504,14.86732864,0.50000000
1738694406.293870,121.36284129,14.86744722,0.50000000
1738694406.622496,121.33282471,14.86756579,0.50000000
1738694406.962866,121.32570648,14.86768436,0.50000000
1738694407.295139,121.35565440,14.86768436,0.50000000
1738694407.633869,121.52212016,14.86768436,0.50000000
1738694407.963897,121.98804728,14.86768436,0.50000000
1738694408.303257,122.34123739,14.86768436,0.50000000
1738694408.634966,122.33947500,14.86768436,0.50000000
1738694408.976317,121.89277140,14.86780294,0.50000000
1738694409.304834,121.50419617,14.86792151,0.50000000
1738694409.645040,121.34286245,14.86804008,0.50000000
1738694409.976787,121.32876841,14.86804008,0.50000000
1738694410.305623,121.33053080,14.86804008,0.50000000
1738694410.645456,121.33405304,14.86804008,0.50000000
1738694410.978098,121.34286245,14.86804008,0.50000000
1738694411.357761,121.44327037,14.86804008,0.50000000
1738694411.646252,121.69608561,14.86815866,0.50000000
1738694411.987296,122.16468811,14.86827723,0.50000000
1738694412.317102,122.34704081,14.86839581,0.50000000
1738694412.659176,122.18938192,14.86839581,0.50000000
1738694412.987505,121.72257233,14.86839581,0.50000000
1738694413.327360,121.43984222,14.86839581,0.50000000
1738694413.660287,121.33238729,14.86839581,0.50000000
1738694413.998620,121.30775960,14.86851438,0.50000000
1738694414.328261,121.30955760,14.86863295,0.50000000
1738694414.668761,121.30606842,14.86875153,0.50000000
1738694414.999342,121.34306081,14.86875153,0.50000000
1738694415.341917,121.49367269,14.86875153,0.50000000
1738694415.669852,121.94198608,14.86875153,0.50000000
1738694416.009706,122.31983948,14.86875153,0.50000000
1738694416.342256,122.36740112,14.86875153,0.50000000
1738694416.680591,122.02302551,14.86887010,0.50000000
1738694417.011025,121.67336528,14.86898867,0.50000000
1738694417.350876,121.50161997,14.86910725,0.50000000
1738694417.681735,121.41530609,14.86910725,0.50000000
1738694418.011194,121.36245982,14.86910725,0.50000000
1738694418.350987,121.32899221,14.86910725,0.50000000
1738694418.682334,121.32546743,14.86910725,0.50000000
1738694419.043621,121.36598206,14.86910725,0.50000000
1738694419.352256,121.58726247,14.86922582,0.50000000
1738694419.692545,122.05075836,14.86934439,0.50000000
1738694420.038522,122.32488759,14.86946297,0.50000000
1738694420.363156,122.23240662,14.86946297,0.50000000
1738694420.693247,121.77792613,14.86946297,0.50000000
1738694421.033509,121.47406006,14.86946297,0.50000000
1738694421.363998,121.38422139,14.86946297,0.50000000
1738694421.705885,121.40909576,14.86958154,0.50000000
1738694422.039076,121.41283162,14.86970011,0.50000000
1738694422.374730,121.41832733,14.86981869,0.50000000
1738694422.706558,121.41480509,14.86981869,0.50000000
1738694423.045252,121.49319204,14.86981869,0.50000000
1738694423.374343,121.70369720,14.86981869,0.50000000
1738694423.715562,122.17579142,14.86981869,0.50000000
1738694424.046098,122.45587921,14.86981869,0.50000000
1738694424.387851,122.40657043,14.86993726,0.50000000
1738694424.718020,121.97324371,14.87005583,0.50000000
1738694425.056489,121.62711334,14.87017441,0.50000000
1738694425.388851,121.46593221,14.87017441,0.50000000
1738694425.717083,121.42541758,14.87017441,0.50000000
1738694426.057774,121.41837056,14.87017441,0.50000000
1738694426.389588,121.41660817,14.87017441,0.50000000
1738694426.734277,121.42277336,14.87017441,0.50000000
1738694427.058454,121.54794312,14.87029330,0.50000000
1738694427.398938,121.85719554,14.87041219,0.50000000
1738694427.728801,122.36462148,14.87053108,0.50000000
1738694428.070571,122.63414001,14.87053108,0.50000000
1738694428.399679,122.70812480,14.87053108,0.50000000
1738694428.739678,122.57160695,14.87053108,0.50000000
1738694429.071302,122.56103770,14.87053108,0.50000000
1738694429.410184,122.42257182,13.46802362,0.50000000
1738694429.787365,122.24799093,12.06551615,0.50000000
1738694430.080566,122.05051168,10.66300869,0.50000000
1738694430.410859,121.99061839,10.66300869,0.50000000
1738694430.752647,121.97124227,10.66300869,0.50000000
1738694431.081342,121.95362600,10.66300869,0.50000000
1738694431.421296,121.95010376,10.66300869,0.50000000
1738694431.753634,121.94569906,10.66300869,0.50000000
1738694432.092307,121.95031484,10.66312726,0.50000000
1738694432.422822,121.97959137,10.66324584,0.50000000
1738694432.763526,121.97980245,10.66336441,0.50000000
1738694433.092928,122.06171417,10.66336441,0.50000000
1738694433.270064,122.06171417,10.66336441,0.50000000
1738694433.422548,122.12689209,10.66336441,0.50000000
1738694433.768825,122.22113546,10.66336441,0.50000000
1738694434.094278,122.22113546,10.66336441,0.50000000
1738694434.435261,122.18238068,10.66336441,0.50000000
1738694434.764026,122.14286041,10.66348330,0.50000000
1738694435.104412,122.13769023,10.66360219,0.50000000
1738694435.435798,122.04620361,10.66372108,0.50000000
1738694435.775058,121.91585032,10.66372108,0.50000000
1738694436.105195,121.75819143,10.66372108,0.50000000
1738694436.445419,121.70798747,10.66372108,0.50000000
1738694436.775861,121.68861135,10.66372108,0.50000000
1738694437.117312,121.68789419,10.66383934,0.50000000
1738694437.446129,121.68365224,10.66395760,0.50000000
1738694437.786216,121.66355642,10.66407585,0.50000000
1738694438.117961,121.52439372,10.66407585,0.50000000
1738694438.457470,121.30331930,10.66407585,0.50000000
1738694438.786897,121.12716420,10.66407585,0.50000000
1738694439.127360,121.15887197,10.66407585,0.50000000
1738694439.458080,121.42398580,10.66407585,0.50000000
1738694439.799716,121.74622599,10.66419442,0.50000000
1738694440.128003,121.95308431,10.66431300,0.50000000
1738694440.467889,122.03751628,10.66443157,0.50000000
1738694440.800181,122.06041463,10.66443157,0.50000000
1738694441.128753,122.12118785,10.66443157,0.50000000
1738694441.468780,122.17050934,10.66443157,0.50000000
1738694441.801497,122.20574188,10.66443157,0.50000000
1738694442.139830,122.24019623,10.66455015,0.50000000
1738694442.469926,122.26408132,10.66466872,0.50000000
1738694442.810578,122.27915700,10.66478729,0.50000000
1738694443.140636,122.19019826,10.66478729,0.50000000
1738694443.481303,122.02901713,10.66478729,0.50000000
1738694443.810348,121.92508698,10.66478729,0.50000000
1738694444.151297,122.07746124,10.66478729,0.50000000
1738694444.483456,122.38661194,10.66478729,0.50000000
1738694444.821973,122.60080973,10.66490587,0.50000000
1738694445.151792,122.50849660,10.66502444,0.50000000
1738694445.492129,122.18806458,10.66514301,0.50000000
1738694445.824162,121.88772074,10.66514301,0.50000000
1738694446.164164,121.84368388,10.66514301,0.50000000
1738694446.492785,122.09470622,10.66514301,0.50000000
1738694446.832897,122.40737915,10.66514301,0.50000000
1738694447.225723,122.55182648,10.66514301,0.50000000
1738694447.503789,122.41185252,10.66526159,0.50000000
1738694447.833801,122.10541534,10.66538016,0.50000000
1738694448.174115,121.84829966,10.66549873,0.50000000
1738694448.504586,121.85006205,10.66549873,0.50000000
1738694448.846439,122.12750498,10.66549873,0.50000000
1738694449.174787,122.43841807,10.66549873,0.50000000
1738694449.505662,122.59871928,10.66549873,0.50000000
1738694449.847178,122.53738149,10.66561731,0.50000000
1738694450.175530,122.28667450,10.66573588,0.50000000
1738694450.516461,121.98488363,10.66585445,0.50000000
1738694450.847825,121.83426921,10.66585445,0.50000000
1738694451.186460,122.00425975,10.66585445,0.50000000
1738694451.516433,122.33454895,10.66585445,0.50000000
1738694451.856819,122.57147725,10.66585445,0.50000000
1738694452.187321,122.52743785,10.66585445,0.50000000
1738694452.529054,122.25872294,10.66597303,0.50000000
1738694452.858341,121.94068654,10.66609160,0.50000000
1738694453.197625,121.81729889,10.66621017,0.50000000
1738694453.530365,122.02428182,10.66621017,0.50000000
1738694453.868591,122.36161804,10.66621017,0.50000000
1738694454.198739,122.59766642,10.66621017,0.50000000
1738694454.539580,122.49461619,10.66621017,0.50000000
1738694454.911298,122.18370310,10.66621017,0.50000000
1738694455.211957,121.88310750,10.66632875,0.50000000
1738694455.539868,121.84850566,10.66644732,0.50000000
1738694455.880291,122.12921906,10.66656590,0.50000000
1738694456.212148,122.46567535,10.66656590,0.50000000
1738694456.550530,122.67001343,10.66656590,0.50000000
1738694456.880703,122.60131327,10.66656590,0.50000000
1738694457.220535,122.34060415,10.66656590,0.50000000
1738694457.551186,122.04872131,10.66668447,0.50000000
1738694457.881134,121.94091797,10.66680304,0.50000000
1738694458.221577,122.15459696,10.66692162,0.50000000
1738694458.552200,122.46726990,10.66692162,0.50000000
1738694458.894127,122.69979604,10.66692162,0.50000000
1738694459.222357,122.72974141,10.66692162,0.50000000
1738694459.562711,122.60819499,10.66692162,0.50000000
1738694459.894828,122.32546488,10.66692162,0.50000000
1738694460.233250,122.03176371,10.66704019,0.50000000
1738694460.563930,121.94504293,10.66715876,0.50000000
1738694460.904627,122.19213613,10.66727734,0.50000000
1738694461.234032,122.51538086,10.66727734,0.50000000
1738694461.575877,122.70915222,10.66727734,0.50000000
1738694461.904294,122.63164520,10.66727734,0.50000000
1738694462.244561,122.35772451,10.66727734,0.50000000
1738694462.597096,122.18729401,10.66727734,0.50000000
1738694462.915331,121.83053080,10.66739591,0.50000000
1738694463.245828,121.98241425,10.66751448,0.50000000
1738694463.585275,122.29283651,10.66763306,0.50000000
1738694463.916210,122.51567078,10.66763306,0.50000000
1738694464.258568,122.50510152,10.66763306,0.50000000
1738694464.586627,122.26200867,10.66763306,0.50000000
1738694464.926554,121.94581095,10.66763306,0.50000000
1738694465.258694,121.74359639,10.66775163,0.50000000
1738694465.600370,121.88048045,10.66787020,0.50000000
1738694465.927748,122.22434743,10.66798878,0.50000000
1738694466.259422,122.50003052,10.66798878,0.50000000
1738694466.598351,122.51412455,10.66798878,0.50000000
1738694466.928577,122.25605774,10.66798878,0.50000000
1738694467.268651,121.89229838,10.66798878,0.50000000
1738694467.599487,121.51884969,10.66798878,0.50000000
1738694467.941021,121.27527873,10.66810735,0.50000000
1738694468.269095,121.22547658,10.66822592,0.50000000
1738694468.609693,121.33685811,10.66834450,0.50000000
1738694468.941661,121.51477559,10.66834450,0.50000000
1738694469.280409,121.63456217,10.66834450,0.50000000
1738694469.610503,121.77724711,10.66834450,0.50000000
1738694469.950614,121.95427958,10.66834450,0.50000000
1738694470.284675,122.03619385,10.66834450,0.50000000
1738694470.622379,122.22890472,10.66846339,0.50000000
1738694470.951379,122.23225403,10.66858228,0.50000000
1738694471.291642,122.21269735,10.66870117,0.50000000
1738694471.623588,122.21445974,10.66870117,0.50000000
1738694471.962160,122.28492228,10.66870117,0.50000000
1738694472.292280,122.58878835,10.66870117,0.50000000
1738694472.508435,122.58878835,10.66870117,0.50000000
1738694472.632409,122.89441681,10.66870117,0.50000000
1738694472.963222,123.12974548,10.66881975,0.50000000
1738694473.308108,123.10700989,10.66893832,0.50000000
1738694473.633375,123.08251190,10.66905689,0.50000000
1738694473.964383,123.06401571,10.66905689,0.50000000
1738694474.305577,123.05873108,10.66905689,0.50000000
1738694474.633693,123.05873108,10.66905689,0.50000000
1738694474.974717,123.05873108,10.66905689,0.50000000
1738694475.306034,123.07106018,10.66905689,0.50000000
1738694475.650804,123.06605021,10.66917547,0.50000000
1738694475.974915,123.06368256,10.66929404,0.50000000
1738694476.315158,123.06219737,10.66941261,0.50000000
1738694476.646036,123.06924184,10.66941261,0.50000000
1738694476.987348,123.07276408,10.66941261,0.50000000
1738694477.316105,123.06923930,10.66941261,0.50000000
1738694477.656484,123.05867004,10.66941261,0.50000000
1738694477.987887,123.04369609,10.66941261,0.50000000
1738694478.327300,123.01832581,10.66953119,0.50000000
1738694478.657192,123.01057180,10.66964976,0.50000000
1738694478.997691,123.02131399,10.66976833,0.50000000
1738694479.327939,123.03452555,10.66976833,0.50000000
1738694479.669764,123.04773712,10.66976833,0.50000000
1738694479.997935,123.05302175,10.66976833,0.50000000
1738694480.338703,123.05566406,10.66976833,0.50000000
1738694480.670146,123.04353333,10.66988691,0.50000000
1738694481.008971,123.01819102,10.67000548,0.50000000
1738694481.339148,122.99461110,10.67012405,0.50000000
1738694481.670968,122.99020640,10.67012405,0.50000000
1738694482.009902,122.97347260,10.67012405,0.50000000
1738694482.340197,122.95145416,10.67012405,0.50000000
1738694482.680502,122.92591349,10.67012405,0.50000000
1738694483.010771,122.93912506,10.67012405,0.50000000
1738694483.355265,122.98340098,10.67024263,0.50000000
1738694483.680863,123.00565592,10.67036120,0.50000000
1738694484.021494,123.00589244,10.67047977,0.50000000
1738694484.352900,122.97330221,10.67047977,0.50000000
1738694484.692198,122.95480601,10.67047977,0.50000000
1738694485.021757,122.92397817,10.67047977,0.50000000
1738694485.362060,122.89139048,10.67047977,0.50000000
1738694485.692604,122.86583455,10.67059835,0.50000000
1738694486.034167,122.88607788,10.67071692,0.50000000
1738694486.363011,122.92922211,10.67083549,0.50000000
1738694486.703050,122.95124054,10.67083549,0.50000000
1738694487.034919,122.95828756,10.67083549,0.50000000
1738694487.374261,122.94419352,10.67083549,0.50000000
1738694487.703936,122.97766368,10.67083549,0.50000000
1738694488.044016,122.99087524,10.67083549,0.50000000
1738694488.375437,123.00319672,10.67095439,0.50000000
1738694488.716135,122.99173737,10.67107328,0.50000000
1738694489.044858,122.99965413,10.67119217,0.50000000
1738694489.385082,123.02607727,10.67119217,0.50000000
1738694489.717132,123.01903025,10.67119217,0.50000000
1738694490.056353,123.00053406,10.67119217,0.50000000
1738694490.386050,122.97763570,10.67119217,0.50000000
1738694490.777396,122.98204041,10.67119217,0.50000000
1738694491.056844,122.96180471,10.67131074,0.50000000
1738694491.386626,122.91690572,10.67142932,0.50000000
1738694491.727291,122.86231995,10.67154789,0.50000000
1738694492.057323,122.83149211,10.67154789,0.50000000
1738694492.399315,122.83589681,10.67154789,0.50000000
1738694492.727846,122.61306000,10.67154789,0.50000000
1738694493.067963,122.34002177,10.67154789,0.50000000
1738694493.399607,122.04154460,10.67166646,0.50000000
1738694493.739245,121.95093028,10.67178504,0.50000000
1738694494.068909,121.88497670,10.67190361,0.50000000
1738694494.409051,121.84269969,10.67190361,0.50000000
1738694494.739933,121.78985341,10.67190361,0.50000000
1738694495.081394,121.68239848,10.67190361,0.50000000
1738694495.409785,121.42256927,10.67190361,0.50000000
1738694495.749954,121.10372925,10.67190361,0.50000000
1738694496.082823,120.86261495,10.67202218,0.50000000
1738694496.420752,120.76418559,10.67214076,0.50000000
1738694496.750978,120.76880646,10.67225933,0.50000000
1738694497.091011,120.77321116,10.67225933,0.50000000
1738694497.421629,120.77585347,10.67225933,0.50000000
1738694497.763265,120.80579885,10.67225933,0.50000000
1738694498.091896,120.97754924,10.67225933,0.50000000
1738694498.462993,121.41969808,10.67225933,0.50000000
1738694498.764307,121.65801239,10.67237790,0.50000000
1738694499.102666,121.55810801,10.67249648,0.50000000
1738694499.432659,121.14376577,10.67261505,0.50000000
1738694499.764963,120.88393656,10.67261505,0.50000000
1738694500.103443,120.81523641,10.67261505,0.50000000
1738694500.433340,120.80290731,10.67261505,0.50000000
1738694500.774103,120.80466970,10.67261505,0.50000000
1738694501.104079,120.81397247,10.67273362,0.50000000
1738694501.446242,120.86290995,10.67285220,0.50000000
1738694501.774535,121.05629476,10.67297077,0.50000000
1738694502.114674,121.51958211,10.67297077,0.50000000
1738694502.447142,121.79086049,10.67297077,0.50000000
1738694502.785587,121.66050466,10.67297077,0.50000000
1738694503.115326,121.22364044,10.67297077,0.50000000
1738694503.455050,120.91448975,10.67297077,0.50000000
1738694503.786381,120.86873627,10.67308935,0.50000000
1738694504.128284,120.85469055,10.67320792,0.50000000
1738694504.456650,120.86442312,10.67332649,0.50000000
1738694504.796802,120.87851461,10.67332649,0.50000000
1738694505.128863,121.00886790,10.67332649,0.50000000
1738694505.467891,121.34268188,10.67332649,0.50000000
1738694505.797586,121.82006327,10.67332649,0.50000000
1738694506.149415,121.81103516,10.67332649,0.50000000
1738694506.468155,121.74946340,10.67344507,0.50000000
1738694506.810513,121.29484558,10.67356364,0.50000000
1738694507.139121,121.01726278,10.67368221,0.50000000
1738694507.479459,120.95560964,10.67368221,0.50000000
1738694507.810892,120.94944255,10.67368221,0.50000000
1738694508.139388,120.95648956,10.67368221,0.50000000
1738694508.478776,120.96353404,10.67368221,0.50000000
1738694508.811697,121.08358510,10.67380079,0.50000000
1738694509.153971,121.44496663,10.67391936,0.50000000
1738694509.480672,121.84598287,10.67403793,0.50000000
1738694509.820524,121.89178212,10.67403793,0.50000000
1738694510.151077,121.56325277,10.67403793,0.50000000
1738694510.492801,121.17219035,10.67403793,0.50000000
1738694510.821650,121.00484212,10.67403793,0.50000000
1738694511.161437,120.95992279,10.67403793,0.50000000
1738694511.494125,120.94780986,10.67415651,0.50000000
1738694511.832659,120.93745931,10.67427508,0.50000000
1738694512.162408,120.93943787,10.67439365,0.50000000
1738694512.502715,121.03015645,10.67439365,0.50000000
1738694512.833024,121.32609558,10.67439365,0.50000000
1738694513.175044,121.73125203,10.67439365,0.50000000
1738694513.503093,121.82461548,10.67439365,0.50000000
1738694513.843323,121.56743113,10.67439365,0.50000000
1738694514.176018,121.18344879,10.67451223,0.50000000
1738694514.514222,121.00732676,10.67463080,0.50000000
1738694514.844756,120.98181915,10.67474937,0.50000000
1738694515.184895,120.96156057,10.67474937,0.50000000
1738694515.515101,120.95715841,10.67474937,0.50000000
1738694515.857066,120.95980072,10.67474937,0.50000000
1738694516.185804,121.01969401,10.67474937,0.50000000
1738694516.518812,121.20746613,10.67486795,0.50000000
1738694516.857820,121.64009349,10.67498652,0.50000000
1738694517.186152,121.87806956,10.67510509,0.50000000
1738694517.526219,121.77413686,10.67510509,0.50000000
1738694517.858504,121.35488637,10.67510509,0.50000000
1738694518.197103,121.06863403,10.67510509,0.50000000
1738694518.526585,120.99024455,10.67510509,0.50000000
1738694518.867499,120.97615306,10.67510509,0.50000000
1738694519.197991,120.97810872,10.67522367,0.50000000
1738694519.540335,120.97653961,10.67534224,0.50000000
1738694519.868534,121.00227356,10.67546082,0.50000000
1738694520.208360,121.12469991,10.67546082,0.50000000
1738694520.540587,121.51048024,10.67546082,0.50000000
1738694520.879787,121.89361827,10.67546082,0.50000000
1738694521.209299,121.92532603,10.67546082,0.50000000
1738694521.553791,121.59327443,10.67546082,0.50000000
1738694521.880078,121.22958628,10.67557939,0.50000000
1738694522.222037,121.08697510,10.67569796,0.50000000
1738694522.550107,121.05005391,10.67581654,0.50000000
1738694522.890435,121.01394399,10.67581654,0.50000000
1738694523.222645,121.01041921,10.67581654,0.50000000
1738694523.561413,121.00865936,10.67581654,0.50000000
1738694523.891904,121.11347198,10.67581654,0.50000000
1738694524.231262,121.39026642,10.67593511,0.50000000
1738694524.562685,121.84057109,10.67605368,0.50000000
1738694524.892372,121.99757894,10.67617226,0.50000000
1738694525.232149,121.78795624,10.67617226,0.50000000
1738694525.562641,121.35549672,10.67617226,0.50000000
1738694525.904442,121.09742991,10.67617226,0.50000000
1738694526.232847,121.01992035,10.67617226,0.50000000
1738694526.573346,120.97676341,10.67617226,0.50000000
1738694526.905372,120.96111298,10.67629083,0.50000000
1738694527.244446,120.94810740,10.67640940,0.50000000
1738694527.574168,121.00203959,10.67652798,0.50000000
1738694527.914655,121.18964640,10.67652798,0.50000000
1738694528.244744,121.65469360,10.67652798,0.50000000
1738694528.586542,121.98322042,10.67652798,0.50000000
1738694528.915117,121.95855713,10.67652798,0.50000000
1738694529.255635,121.53748830,10.67664655,0.50000000
1738694529.587279,121.17983500,10.67676512,0.50000000
1738694529.926150,121.02740224,10.67688370,0.50000000
1738694530.256007,121.00626373,10.67688370,0.50000000
1738694530.596184,120.98336538,10.67688370,0.50000000
1738694530.926680,120.97984314,10.67688370,0.50000000
1738694531.268733,120.97543844,10.67688370,0.50000000
1738694531.596931,121.06087240,10.67688370,0.50000000
1738694531.937404,121.29432424,10.67700227,0.50000000
1738694532.269617,121.83076477,10.67712084,0.50000000
1738694532.608219,122.14524841,10.67723942,0.50000000
1738694532.938493,122.25446320,10.67723942,0.50000000
1738694533.270746,122.05276489,10.67723942,0.50000000
1738694533.608996,122.01136780,10.67723942,0.50000000
1738694533.939490,122.00256093,10.67723942,0.50000000
1738694534.331407,122.00256093,10.67723942,0.50000000
1738694534.610312,122.00145467,10.67735799,0.50000000
1738694534.951354,122.02148438,10.67747657,0.50000000
1738694535.279961,122.03799184,10.67759514,0.50000000
1738694535.620704,122.10669200,10.67759514,0.50000000
1738694535.964470,122.10669200,10.67759514,0.50000000
1738694535.964485,122.21943156,10.67759514,0.50000000
1738694536.291439,122.34274038,10.67759514,0.50000000
1738694536.621098,122.40439351,10.67759514,0.50000000
1738694536.960798,122.38257090,10.67771371,0.50000000
1738694537.291955,122.33608500,10.67783229,0.50000000
1738694537.633506,122.27727000,10.67795086,0.50000000
1738694537.961971,122.24556224,10.67795086,0.50000000
1738694538.302498,122.14074961,10.67795086,0.50000000
1738694538.634182,122.00422923,10.67795086,0.50000000
1738694538.973090,121.76377869,10.67795086,0.50000000
1738694539.303815,121.52068583,10.67795086,0.50000000
1738694539.643101,121.35699972,10.67806943,0.50000000
1738694539.973929,121.40646108,10.67818801,0.50000000
1738694540.315300,121.71927389,10.67830658,0.50000000
1738694540.643992,122.02490234,10.67830658,0.50000000
1738694540.984320,122.24949900,10.67830658,0.50000000
1738694541.316205,122.30762990,10.67830658,0.50000000
1738694541.644510,122.33581543,10.67830658,0.50000000
1738694542.016384,122.33625603,10.67830658,0.50000000
1738694542.316765,122.32793427,10.67842515,0.50000000
1738694542.656019,122.30419668,10.67854373,0.50000000
1738694542.985610,122.27869924,10.67866230,0.50000000
1738694543.325889,122.18445587,10.67866230,0.50000000
1738694543.655883,122.00389862,10.67866230,0.50000000
1738694543.998053,121.88499451,10.67866230,0.50000000
1738694544.326429,121.99156952,10.67866230,0.50000000
1738694544.666792,122.31893158,10.67878087,0.50000000
1738694544.999339,122.56702423,10.67889945,0.50000000
1738694545.337967,122.52357992,10.67901802,0.50000000
1738694545.667936,122.23204295,10.67901802,0.50000000
1738694546.008128,121.95459747,10.67901802,0.50000000
1738694546.339046,121.93874359,10.67901802,0.50000000
1738694546.680237,122.20737966,10.67901802,0.50000000
1738694547.008816,122.50948588,10.67901802,0.50000000
1738694547.349249,122.61738078,10.67913659,0.50000000
1738694547.681291,122.41876729,10.67925517,0.50000000
1738694548.020514,122.06425476,10.67937374,0.50000000
1738694548.349529,121.81499481,10.67937374,0.50000000
1738694548.689982,121.86607869,10.67937374,0.50000000
1738694549.021099,122.18756104,10.67937374,0.50000000
1738694549.350842,122.48790487,10.67937374,0.50000000
1738694549.707796,122.48217964,10.67937374,0.50000000
1738694550.021575,122.36214193,10.67949263,0.50000000
1738694550.362856,122.05846405,10.67961152,0.50000000
1738694550.692103,121.87457021,10.67973042,0.50000000
1738694551.032525,122.03927612,10.67973042,0.50000000
1738694551.363592,122.36780294,10.67973042,0.50000000
1738694551.703144,122.60649363,10.67973042,0.50000000
1738694552.032620,122.52193960,10.67973042,0.50000000
1738694552.372627,122.23014069,10.67984899,0.50000000
1738694552.704240,121.96476237,10.67996756,0.50000000
1738694553.044800,121.97858938,10.68008614,0.50000000
1738694553.373415,122.26131694,10.68008614,0.50000000
1738694553.713890,122.54228465,10.68008614,0.50000000
1738694554.045770,122.58632406,10.68008614,0.50000000
1738694554.384990,122.33882650,10.68008614,0.50000000
1738694554.724878,122.01558177,10.68008614,0.50000000
1738694555.055673,121.84515127,10.68020471,0.50000000
1738694555.385443,122.00941722,10.68032328,0.50000000
1738694555.726965,122.32869975,10.68044186,0.50000000
1738694556.055610,122.55329895,10.68044186,0.50000000
1738694556.395723,122.47666931,10.68044186,0.50000000
1738694556.727627,122.16927846,10.68044186,0.50000000
1738694557.056837,121.90240224,10.68044186,0.50000000
1738694557.400347,121.89271545,10.68044186,0.50000000
1738694557.728773,122.19256846,10.68056043,0.50000000
1738694558.067713,122.50123088,10.68067900,0.50000000
1738694558.397161,122.59410095,10.68079758,0.50000000
1738694558.737838,122.36774190,10.68079758,0.50000000
1738694559.068246,122.04097493,10.68079758,0.50000000
1738694559.410158,121.84632365,10.68079758,0.50000000
1738694559.738886,121.98636627,10.68079758,0.50000000
1738694560.078978,122.30745443,10.68091615,0.50000000
1738694560.410764,122.55632019,10.68103472,0.50000000
1738694560.749663,122.58058929,10.68115330,0.50000000
1738694561.079660,122.35863241,10.68115330,0.50000000
1738694561.419853,122.03715007,10.68115330,0.50000000
1738694561.750138,121.80198161,10.68115330,0.50000000
1738694562.092417,121.89358266,10.68115330,0.50000000
1738694562.421613,122.21154277,10.68115330,0.50000000
1738694562.760583,122.48159790,10.68127187,0.50000000
1738694563.093024,122.52177175,10.68139044,0.50000000
1738694563.432019,122.27921549,10.68150902,0.50000000
1738694563.761570,121.95068614,10.68150902,0.50000000
1738694564.101683,121.74722544,10.68150902,0.50000000
1738694564.432042,121.88022105,10.68150902,0.50000000
1738694564.762308,122.21755727,10.68150902,0.50000000
1738694565.102447,122.44039408,10.68150902,0.50000000
1738694565.432888,122.36436462,10.68162759,0.50000000
1738694565.774617,121.99327850,10.68174616,0.50000000
1738694566.103529,121.56934357,10.68186474,0.50000000
1738694566.443251,121.23993429,10.68186474,0.50000000
1738694566.775801,121.18708801,10.68186474,0.50000000
1738694567.114528,121.30334981,10.68186474,0.50000000
1738694567.444610,121.49624125,10.68186474,0.50000000
1738694567.784699,121.63693237,10.68198331,0.50000000
1738694568.115420,121.85161082,10.68210189,0.50000000
1738694568.462951,122.06716665,10.68222046,0.50000000
1738694568.785924,122.24596405,10.68222046,0.50000000
1738694569.125994,122.26446025,10.68222046,0.50000000
1738694569.457677,122.26270040,10.68222046,0.50000000
1738694569.796342,122.47144318,10.68222046,0.50000000
1738694570.110363,122.47144318,10.68222046,0.50000000
1738694570.125378,122.78587850,10.68222046,0.50000000
1738694570.466743,123.06857808,10.68233935,0.50000000
1738694570.799013,123.13548787,10.68245824,0.50000000
1738694571.138774,123.10727437,10.68257713,0.50000000
1738694571.467596,123.08525594,10.68257713,0.50000000
1738694571.807396,123.06411743,10.68257713,0.50000000
1738694572.140152,123.06059519,10.68257713,0.50000000
1738694572.468470,123.05354818,10.68257713,0.50000000
1738694572.808113,123.06063588,10.68269539,0.50000000
1738694573.141026,123.05539195,10.68281364,0.50000000
1738694573.478408,123.06512197,10.68293190,0.50000000
1738694573.809256,123.05807495,10.68293190,0.50000000
1738694574.149850,123.04838562,10.68293190,0.50000000
1738694574.480197,123.04574331,10.68293190,0.50000000
1738694574.822441,123.06864421,10.68293190,0.50000000
1738694575.150210,123.08273824,10.68293190,0.50000000
1738694575.490517,123.07249959,10.68305047,0.50000000
1738694575.822706,123.06314341,10.68316905,0.50000000
1738694576.161596,123.06259410,10.68328762,0.50000000
1738694576.490896,123.06259410,10.68328762,0.50000000
1738694576.705406,123.06259410,10.68328762,0.50000000
1738694576.834466,123.05290476,10.68328762,0.50000000
1738694577.172234,123.04145304,10.68328762,0.50000000
1738694577.503851,123.04673767,10.68328762,0.50000000
1738694577.893304,123.04233297,10.68328762,0.50000000
1738694578.172577,123.01816813,10.68340619,0.50000000
1738694578.503671,122.97638702,10.68352477,0.50000000
1738694578.843472,122.94957987,10.68364334,0.50000000
1738694579.173378,122.94693756,10.68364334,0.50000000
1738694579.513802,122.95045980,10.68364334,0.50000000
1738694579.844242,122.93548584,10.68364334,0.50000000
1738694580.186156,122.91698964,10.68364334,0.50000000
1738694580.514718,122.92261759,10.68376191,0.50000000
1738694580.844739,122.92736308,10.68388049,0.50000000
1738694581.188349,122.92153931,10.68399906,0.50000000
1738694581.515130,122.88806915,10.68399906,0.50000000
1738694581.857342,122.86957296,10.68399906,0.50000000
1738694582.187698,122.86164602,10.68399906,0.50000000
1738694582.526109,122.85283915,10.68399906,0.50000000
1738694582.857728,122.82994080,10.68399906,0.50000000
1738694583.196886,122.82028453,10.68411764,0.50000000
1738694583.527342,122.83088430,10.68423621,0.50000000
1738694583.868883,122.83091482,10.68435478,0.50000000
1738694584.197068,122.83707937,10.68435478,0.50000000
1738694584.537480,122.83972168,10.68435478,0.50000000
1738694584.869953,122.87671407,10.68435478,0.50000000
1738694585.209205,122.88464101,10.68435478,0.50000000
1738694585.568752,122.87275124,10.68435478,0.50000000
1738694585.878311,122.84159597,10.68447336,0.50000000
1738694586.208888,122.83378092,10.68459193,0.50000000
1738694586.550513,122.84446208,10.68471050,0.50000000
1738694586.879159,122.85503133,10.68471050,0.50000000
1738694587.219654,122.84534454,10.68471050,0.50000000
1738694587.551247,122.81892141,10.68471050,0.50000000
1738694587.890486,122.82068380,10.68471050,0.50000000
1738694588.220130,122.82450104,10.68482908,0.50000000
1738694588.559795,122.83536530,10.68494765,0.50000000
1738694588.890867,122.71411387,10.68506622,0.50000000
1738694589.220949,122.44636027,10.68506622,0.50000000
1738694589.561022,122.20678965,10.68506622,0.50000000
1738694589.891722,122.06762695,10.68506622,0.50000000
1738694590.233414,122.04208374,10.68506622,0.50000000
1738694590.561759,121.95664978,10.68506622,0.50000000
1738694590.902151,121.89280701,10.68518480,0.50000000
1738694591.234057,121.80254110,10.68530337,0.50000000
1738694591.572889,121.70082601,10.68542194,0.50000000
1738694591.903468,121.55109660,10.68542194,0.50000000
1738694592.243234,121.28422292,10.68542194,0.50000000
1738694592.573812,120.98211670,10.68542194,0.50000000
1738694592.915660,120.70819600,10.68542194,0.50000000
1738694593.254495,120.69146156,10.68542194,0.50000000
1738694593.583190,120.63695780,10.68554052,0.50000000
1738694593.916153,120.66436513,10.68565909,0.50000000
1738694594.254813,120.71291097,10.68577766,0.50000000
1738694594.585140,120.93927002,10.68577766,0.50000000
1738694594.925164,121.04584249,10.68577766,0.50000000
1738694595.255528,120.99475861,10.68577766,0.50000000
1738694595.597190,120.76311493,10.68577766,0.50000000
1738694595.926273,120.65393321,10.68589624,0.50000000
1738694596.266408,120.69183858,10.68601481,0.50000000
1738694596.597921,120.73326874,10.68613338,0.50000000
1738694596.926661,120.81606293,10.68613338,0.50000000
1738694597.267116,121.12345378,10.68613338,0.50000000
1738694597.493977,121.12345378,10.68613338,0.50000000
1738694597.599062,121.26173655,10.68613338,0.50000000
1738694597.937617,121.21417491,10.68613338,0.50000000
1738694598.267438,120.93144735,10.68613338,0.50000000
1738694598.607905,120.81070201,10.68625196,0.50000000
1738694598.941574,120.82823944,10.68637053,0.50000000
1738694599.280796,120.84225210,10.68648911,0.50000000
1738694599.608615,120.86691284,10.68648911,0.50000000
1738694599.949683,121.12321726,10.68648911,0.50000000
1738694600.280954,121.27559153,10.68648911,0.50000000
1738694600.620149,121.28440094,10.68648911,0.50000000
1738694600.950303,121.03866577,10.68648911,0.50000000
1738694601.290210,120.88640340,10.68660768,0.50000000
1738694601.621331,120.86449432,10.68672625,0.50000000
1738694601.962320,120.86284383,10.68684483,0.50000000
1738694602.290688,120.86284383,10.68684483,0.50000000
1738694602.631465,121.08303833,10.68684483,0.50000000
1738694602.794846,121.08303833,10.68684483,0.50000000
1738694602.963333,121.26712036,10.68684483,0.50000000
1738694603.303184,121.21075185,10.68684483,0.50000000
1738694603.630851,120.93776194,10.68696372,0.50000000
1738694603.972087,120.69471995,10.68708261,0.50000000
1738694604.303579,120.69389089,10.68720150,0.50000000
1738694604.644240,120.69565328,10.68720150,0.50000000
1738694604.972814,120.68684387,10.68720150,0.50000000
1738694605.303953,120.72207387,10.68720150,0.50000000
1738694605.644895,120.93786367,10.68720150,0.50000000
1738694605.974061,121.36680094,10.68720150,0.50000000
1738694606.313856,121.68244425,10.68732007,0.50000000
1738694606.455502,121.68244425,10.68732007,0.50000000
1738694606.646117,121.80343628,10.68743865,0.50000000
1738694606.985522,121.70247396,10.68755722,0.50000000
1738694607.314992,121.68485769,10.68755722,0.50000000
